,makespans,average_makespan,time,average_completions,average_slowdowns,reward
0,"[796, 798, 809, 798, 796, 800, 798, 799, 800, 794, 800, 798]",798.8333333333334,185.87621212005615,114.55426834768254,3.1860040871965665,"[-0.17544633017412387, -0.17580964970257765, -0.1778021978021978, -0.17544633017412387, -0.17580964970257765, -0.17617264919621228, -0.17580964970257765, -0.1759911894273128, -0.17508269018743108, -0.17617264919621228, -0.17617264919621228, -0.17580964970257765]"
