,makespans,average_makespan,time,average_completions,average_slowdowns,reward
0,"[796, 806, 807, 798, 805, 801, 798, 800, 805, 800, 799, 796]",800.9166666666666,1014.7201015949249,114.82510168101588,3.209478158172131,"[-0.17544633017412387, -0.17725973169122497, -0.1774406332453826, -0.17580964970257765, -0.177078750549934, -0.1763540290620872, -0.17580964970257765, -0.17617264919621228, -0.177078750549934, -0.17617264919621228, -0.1759911894273128, -0.17544633017412387]"
1,"[799, 799, 805, 795, 798, 800, 800, 800, 800, 811, 800, 800]",800.5833333333334,1018.3520963191986,114.4188516810159,3.185266109158086,"[-0.1759911894273128, -0.1759911894273128, -0.177078750549934, -0.17526455026455026, -0.17580964970257765, -0.17617264919621228, -0.17617264919621228, -0.17617264919621228, -0.17617264919621228, -0.1781634446397188, -0.17617264919621228, -0.17617264919621228]"
