,makespans,average_makespan,time,average_completions,average_slowdowns,reward
0,"[796, 798, 809, 798, 796, 800, 798, 799, 800, 794, 800, 798]",798.8333333333334,185.87621212005615,114.55426834768254,3.1860040871965665,"[-0.17544633017412387, -0.17580964970257765, -0.1778021978021978, -0.17544633017412387, -0.17580964970257765, -0.17617264919621228, -0.17580964970257765, -0.1759911894273128, -0.17508269018743108, -0.17617264919621228, -0.17617264919621228, -0.17580964970257765]"
1,"[800, 800, 801, 806, 804, 806, 808, 798, 796, 796, 798, 800]",801.0833333333334,180.25319266319275,113.8303100143492,3.180226844825747,"[-0.17617264919621228, -0.17617264919621228, -0.1763540290620872, -0.17725973169122497, -0.1768976897689769, -0.17725973169122497, -0.1776214552648934, -0.17580964970257765, -0.17544633017412387, -0.17544633017412387, -0.17580964970257765, -0.17617264919621228]"
