,makespans,average_makespan,time,average_completions,average_slowdowns,reward
0,"[796, 806, 807, 798, 805, 801, 798, 800, 805, 800, 799, 796]",800.9166666666666,1014.7201015949249,114.82510168101588,3.209478158172131,"[-0.17544633017412387, -0.17725973169122497, -0.1774406332453826, -0.17580964970257765, -0.177078750549934, -0.1763540290620872, -0.17580964970257765, -0.17617264919621228, -0.177078750549934, -0.17617264919621228, -0.1759911894273128, -0.17544633017412387]"
1,"[799, 799, 805, 795, 798, 800, 800, 800, 800, 811, 800, 800]",800.5833333333334,1018.3520963191986,114.4188516810159,3.185266109158086,"[-0.1759911894273128, -0.1759911894273128, -0.177078750549934, -0.17526455026455026, -0.17580964970257765, -0.17617264919621228, -0.17617264919621228, -0.17617264919621228, -0.17617264919621228, -0.1781634446397188, -0.17617264919621228, -0.17617264919621228]"
2,"[794, 805, 794, 798, 796, 800, 796, 800, 794, 804, 801, 795]",798.0833333333334,1050.2325472831726,114.63412945879367,3.2053224219519514,"[-0.17508269018743108, -0.177078750549934, -0.17508269018743108, -0.17580964970257765, -0.17544633017412387, -0.17617264919621228, -0.17544633017412387, -0.17617264919621228, -0.17508269018743108, -0.1768976897689769, -0.1763540290620872, -0.17526455026455026]"
3,"[809, 795, 798, 801, 805, 805, 800, 799, 804, 799, 798, 801]",801.1666666666666,1046.7497065067291,114.71225445879365,3.179837334097545,"[-0.1778021978021978, -0.17526455026455026, -0.17580964970257765, -0.1763540290620872, -0.177078750549934, -0.177078750549934, -0.17617264919621228, -0.1759911894273128, -0.1768976897689769, -0.1759911894273128, -0.17580964970257765, -0.1763540290620872]"
4,"[796, 805, 800, 805, 798, 795, 796, 798, 805, 800, 795, 798]",799.25,1037.6756074428558,114.47787945879365,3.190630395592694,"[-0.17544633017412387, -0.177078750549934, -0.17617264919621228, -0.177078750549934, -0.17580964970257765, -0.17526455026455026, -0.17544633017412387, -0.17580964970257765, -0.177078750549934, -0.17617264919621228, -0.17526455026455026, -0.17580964970257765]"
